"carat","cut","color","clarity","depth","table","price","x","y","z"
0.61,"Ideal","G","VVS1",61.2,56,3008,5.46,5.48,3.35
0.9,"Good","E","SI1",60.8,65,3933,6.14,6.17,3.74
1.2,"Premium","H","SI2",62.5,58,5280,6.76,6.81,4.24
0.38,"Premium","D","SI1",59.1,58,635,4.74,4.77,2.81
0.53,"Ideal","G","VVS2",62.5,54,1914,5.21,5.19,3.25
0.98,"Very Good","H","SI2",62.1,59,3731,6.33,6.39,3.95
0.73,"Ideal","D","SI1",61.4,57,2841,5.76,5.8,3.55
1.08,"Ideal","D","VS2",61.9,58,8481,6.54,6.57,4.06
0.71,"Premium","D","SI1",59.7,59,2913,5.8,5.82,3.47
0.71,"Very Good","G","SI1",62.7,58,2274,5.7,5.72,3.58
0.34,"Very Good","H","VS2",60,58,521,4.52,4.56,2.72
0.8,"Ideal","I","VVS1",61.7,56,3181,5.98,5.92,3.67
1,"Very Good","F","SI2",61.3,61,4372,6.36,6.39,3.91
1.31,"Premium","H","SI2",60,57,6089,7.1,7.07,4.25
0.35,"Ideal","D","VVS1",61.5,57,1247,4.55,4.52,2.79
0.33,"Ideal","D","SI2",62.4,57,631,4.42,4.39,2.75
0.51,"Very Good","D","SI1",60,58,1380,5.19,5.24,3.13
0.4,"Premium","D","VVS2",60.8,59,1263,4.76,4.81,2.91
0.28,"Ideal","E","VVS1",61.2,54,787,4.24,4.26,2.6
0.9,"Good","E","SI1",63.9,57,3795,6.12,6.08,3.9
1.01,"Ideal","H","SI1",62.7,56,4851,6.41,6.44,4.03
1.71,"Premium","G","VS1",62.3,58,17197,7.65,7.61,4.75
0.3,"Ideal","E","VS1",60.5,55,775,4.35,4.38,2.64
0.31,"Premium","F","IF",61.9,58,914,4.36,4.39,2.71
0.33,"Very Good","G","SI1",63.2,57,631,4.44,4.39,2.79
1.5,"Good","H","VS1",64.2,56,8749,7.3,7.09,4.62
0.7,"Ideal","G","VVS2",61.6,57,3725,5.74,5.71,3.53
0.32,"Premium","G","VS2",62.5,60,561,4.32,4.38,2.72
0.41,"Ideal","F","VS2",61.9,56,1107,4.76,4.74,2.94
0.92,"Ideal","E","SI2",62.1,53,4011,6.22,6.25,3.87
0.4,"Premium","F","VS2",61,59,1080,4.76,4.71,2.89
0.53,"Very Good","D","VVS2",57.5,64,2782,5.34,5.37,3.08
2.09,"Ideal","H","SI2",60.6,57,16703,8.3,8.2,5
0.58,"Very Good","H","SI1",61.8,56,1219,5.34,5.38,3.31
1.01,"Fair","H","VVS2",65,55,4355,6.31,6.27,4.09
1.23,"Very Good","G","SI1",63.1,56,6665,6.81,6.78,4.29
0.55,"Premium","F","VS2",61.7,56,1819,5.29,5.25,3.25
1.12,"Premium","G","VS2",62.3,59,6683,6.71,6.61,4.15
0.56,"Ideal","G","IF",61.8,54,2298,5.31,5.33,3.29
0.34,"Good","E","SI2",63.7,55,612,4.46,4.43,2.83
0.41,"Ideal","G","VS2",62.2,57,1061,4.74,4.71,2.94
1.08,"Ideal","J","VS2",62.3,56,4093,6.6,6.53,4.09
0.7,"Good","D","SI1",62.6,62,2546,5.61,5.64,3.52
0.53,"Good","E","SI1",63.1,56,1355,5.15,5.19,3.26
0.66,"Premium","F","VS1",60.8,58,2368,5.67,5.64,3.44
1.23,"Ideal","F","VVS2",61.8,56,11141,6.89,6.84,4.24
0.42,"Very Good","E","VVS2",59.4,60,1262,4.88,4.91,2.91
0.3,"Ideal","F","VVS1",61.9,58,814,4.26,4.3,2.65
1.04,"Ideal","I","SI2",62.4,57,3953,6.48,6.46,4.04
0.33,"Ideal","E","VS1",60.9,57,850,4.47,4.5,2.73
0.9,"Ideal","H","VS1",60.9,56,5013,6.25,6.27,3.81
0.75,"Ideal","D","SI2",60.3,57,2726,5.85,5.89,3.54
1.5,"Fair","J","I1",68.8,57,4284,6.94,6.87,4.75
1.51,"Premium","I","SI1",61.8,60,7989,7.23,7.3,4.49
0.3,"Ideal","H","VS2",62.1,55,491,4.33,4.36,2.7
0.55,"Very Good","E","SI1",63,59,1406,5.25,5.17,3.28
1.56,"Premium","F","SI2",63,58,6971,7.35,7.28,4.66
0.27,"Premium","H","VVS2",60.7,59,486,4.19,4.21,2.55
0.24,"Very Good","E","VS1",62.4,56,461,3.96,3.97,2.47
1.23,"Ideal","G","VVS2",62.2,56.1,9921,6.8,6.87,4.25
0.4,"Very Good","G","VVS1",61.7,58,1123,4.69,4.71,2.9
1.16,"Very Good","H","SI2",59.6,59,4455,6.85,6.87,4.09
0.33,"Ideal","F","VS1",61.6,55,738,4.46,4.47,2.76
0.39,"Very Good","F","VS2",60.1,56,832,4.77,4.82,2.88
0.42,"Very Good","G","SI1",62.9,54,737,4.79,4.81,3.02
0.3,"Ideal","F","VVS2",61.6,53,694,4.35,4.39,2.69
1.01,"Ideal","D","VVS2",61.6,57,12996,6.44,6.48,3.98
1.51,"Good","I","VVS1",64,60,9301,7.21,7.26,4.63
1.23,"Ideal","H","VS1",62.1,54,7946,6.87,6.89,4.27
0.41,"Good","E","VS1",63.9,53,1166,4.75,4.7,3.02
2,"Premium","D","SI2",60.8,60,16484,8.15,8.1,4.94
1.23,"Premium","I","SI2",62.5,60,5269,6.82,6.75,4.24
0.31,"Ideal","I","VVS1",62,54,571,4.34,4.37,2.7
1.02,"Very Good","F","SI2",60,60,4207,6.53,6.57,3.93
1.25,"Premium","H","SI1",59.4,62,5320,7.07,7,4.18
0.33,"Ideal","E","VS2",61.2,56,928,4.47,4.45,2.73
0.35,"Ideal","F","VS2",61.4,54,706,4.54,4.58,2.8
2.01,"Good","G","SI1",60.1,61,18374,8.04,8.12,4.86
1.14,"Premium","E","VVS2",59.7,58,10258,6.83,6.91,4.1
0.43,"Ideal","E","VS1",63,55,1094,4.85,4.87,3.06
0.58,"Ideal","E","VS1",60.8,57,2241,5.41,5.42,3.29
0.3,"Ideal","F","VS2",61.9,55,776,4.32,4.31,2.67
0.57,"Very Good","G","VS2",62.6,55,1608,5.26,5.31,3.31
0.55,"Ideal","E","SI2",62,56,1273,5.27,5.22,3.25
0.7,"Very Good","G","SI2",63.2,57,2117,5.7,5.66,3.59
0.32,"Ideal","G","VVS1",61.8,54,814,4.41,4.43,2.73
0.32,"Very Good","F","VVS1",61.5,57,886,4.38,4.41,2.7
0.56,"Ideal","F","VS1",61.7,54,2016,5.32,5.28,3.27
0.33,"Ideal","I","SI2",61.8,55,403,4.49,4.51,2.78
0.46,"Fair","G","VS2",65.3,56,1002,4.83,4.76,3.13
1.58,"Ideal","G","SI1",62.2,55,11927,7.44,7.5,4.65
0.33,"Premium","F","SI2",62.3,58,557,4.43,4.4,2.75
0.73,"Very Good","E","SI2",59.6,57,2359,5.87,5.91,3.51
0.3,"Premium","F","SI2",62.3,58,506,4.32,4.28,2.68
1.02,"Ideal","E","IF",62.6,57,11500,6.41,6.47,4.03
0.52,"Premium","H","SI1",62.6,55,1219,5.16,5.12,3.22
1.53,"Ideal","I","SI2",61.3,59,8062,7.42,7.39,4.54
0.34,"Premium","F","SI1",59.8,58,727,4.57,4.53,2.72
0.72,"Premium","J","SI1",62.1,59,1987,5.75,5.71,3.56
0.3,"Ideal","F","VVS2",61.6,55,751,4.3,4.33,2.66
0.51,"Ideal","G","VS2",60.7,56,1557,5.18,5.23,3.16
0.55,"Ideal","E","VS2",61.8,57,1792,5.34,5.27,3.28
0.7,"Premium","H","VVS1",59.2,60,2840,5.87,5.78,3.45
0.41,"Premium","G","VS2",60.9,58,1061,4.83,4.8,2.93
0.62,"Ideal","I","VVS1",61.1,55,2207,5.52,5.57,3.39
0.33,"Ideal","E","VS2",61.2,56,723,4.45,4.47,2.73
1.01,"Very Good","F","VVS2",61.8,55,8532,6.36,6.45,3.96
2.02,"Premium","F","SI2",61.3,58,13267,8.09,8.05,4.95
0.9,"Premium","I","VS2",62.6,62,3292,6.13,6.04,3.81
0.38,"Very Good","J","SI1",63.2,59,538,4.59,4.62,2.91
2.11,"Very Good","G","I1",63.2,57,7834,8.13,8.07,5.12
1,"Good","F","I1",64.2,59,2717,6.26,6.3,4.03
0.31,"Premium","E","VS2",60.8,58,680,4.35,4.37,2.65
0.23,"Very Good","D","VVS1",61.7,59,485,3.94,3.97,2.44
1.48,"Ideal","E","SI2",62.1,57,8818,7.35,7.28,4.54
0.72,"Ideal","D","VS1",61.7,56,4047,5.77,5.81,3.57
0.3,"Very Good","F","IF",62,58,886,4.28,4.3,2.66
0.71,"Very Good","J","SI1",61,61,1760,5.66,5.71,3.47
2,"Good","G","VS2",64.1,55,17898,7.94,7.88,5.07
1.56,"Premium","D","SI1",62.6,58,12226,7.36,7.44,4.63
0.73,"Premium","E","VS2",58.6,60,2812,5.92,5.89,3.46
0.39,"Ideal","F","SI1",61.3,56,919,4.69,4.72,2.88
0.31,"Ideal","F","VVS1",61.1,56,975,4.37,4.4,2.68
0.32,"Ideal","D","VVS2",61.7,55,1014,4.42,4.39,2.72
1.13,"Ideal","D","VS1",61.2,57,11477,6.7,6.72,4.1
0.32,"Ideal","F","IF",61.8,56,1204,4.4,4.44,2.73
0.52,"Ideal","E","VS2",62,55,1689,5.14,5.19,3.2
0.7,"Fair","G","SI2",58.6,56,2208,5.8,5.74,3.38
0.55,"Premium","F","VS2",62.5,58,2376,5.25,5.22,3.27
1.27,"Good","F","I1",59.2,64,4324,7.06,6.99,4.16
1.01,"Very Good","E","SI1",63.4,58,5684,6.32,6.37,4.02
1.14,"Premium","I","SI1",60.4,60,4596,6.78,6.73,4.08
1.19,"Ideal","J","SI1",62,56,4678,6.8,6.77,4.21
0.32,"Ideal","F","VS1",61.3,55,676,4.43,4.46,2.72
1,"Good","E","SI1",57.2,62,5345,6.59,6.56,3.76
0.56,"Ideal","E","VS1",61.7,57,2075,5.3,5.32,3.27
0.53,"Good","E","SI2",63.2,54,1141,5.16,5.19,3.27
0.5,"Ideal","E","VVS1",61.9,58,2682,5.07,5.11,3.15
1.2,"Very Good","G","SI2",62.9,54,5321,6.76,6.79,4.26
2.01,"Ideal","F","SI2",61.3,60,17798,8.05,8.1,4.95
0.33,"Premium","I","VVS2",61,59,743,4.44,4.41,2.7
0.9,"Premium","G","SI1",61.9,59,3669,6.18,6.13,3.81
1.24,"Ideal","D","VVS2",61.5,57,14737,6.88,6.94,4.25
0.31,"Premium","H","VVS1",62.1,58,707,4.33,4.36,2.7
0.71,"Premium","E","VS2",59.9,58,2711,5.78,5.81,3.47
1.2,"Good","J","VS2",63.7,56,5053,6.67,6.62,4.23
0.42,"Very Good","E","VS1",62.9,57,1005,4.75,4.79,3
0.53,"Ideal","G","VS1",62.7,55,1813,5.18,5.16,3.24
1.26,"Ideal","G","VS1",61.6,56,9078,6.96,7.03,4.31
1.13,"Ideal","F","SI2",62.3,57,4778,6.67,6.61,4.14
1.01,"Premium","D","VS1",61.6,58,8823,6.44,6.42,3.96
0.71,"Good","I","VS1",63.6,56,2327,5.7,5.65,3.61
0.56,"Premium","E","VS2",61.1,59,1668,5.34,5.27,3.24
0.35,"Very Good","H","VS2",59.8,62,545,4.57,4.63,2.75
0.33,"Premium","G","SI1",61.6,57,631,4.45,4.42,2.73
0.34,"Ideal","D","VS1",61.2,58,787,4.45,4.5,2.74
0.58,"Very Good","E","VVS1",59.4,63,2568,5.42,5.32,3.19
0.48,"Ideal","G","IF",61.9,55,1791,5.03,5.08,3.13
1.5,"Premium","E","VS2",62.1,60,14386,7.31,7.27,4.53
0.3,"Ideal","E","VVS1",62.1,57,862,4.27,4.29,2.66
1.57,"Very Good","H","SI1",59.6,58,10447,7.61,7.65,4.55
1.1,"Very Good","E","SI2",60.1,62,4607,6.65,6.69,4.01
1.07,"Premium","G","I1",62.3,60,3547,6.55,6.51,4.07
0.41,"Very Good","H","VVS2",62.2,58,899,4.71,4.74,2.94
0.32,"Premium","G","SI1",59.6,60,612,4.46,4.43,2.65
0.7,"Ideal","J","VS2",62,58,1953,5.66,5.69,3.52
0.36,"Ideal","D","SI2",62.3,57,689,4.57,4.52,2.83
1.24,"Premium","H","SI1",60.1,58,6327,7.04,7.01,4.22
1,"Good","F","VS1",64.2,60,6389,6.18,6.28,4
1.01,"Fair","D","SI1",64.6,60,4751,6.12,6.08,3.94
0.41,"Ideal","E","SI2",61.9,57,683,4.76,4.8,2.96
0.57,"Ideal","G","VVS2",61.7,54,2206,5.41,5.32,3.31
1.01,"Ideal","E","SI2",61.5,55,4504,6.45,6.49,3.98
0.53,"Ideal","G","VVS2",61.4,57,2250,5.17,5.2,3.18
1.04,"Very Good","D","IF",61.3,56,18542,6.53,6.55,4.01
0.48,"Ideal","H","VS2",62.2,54,1026,5.04,5.05,3.14
0.34,"Ideal","E","VS2",62,56,646,4.46,4.48,2.77
0.3,"Premium","G","SI1",61,57,574,4.34,4.31,2.64
0.5,"Ideal","E","VS2",61.8,55,1624,5.06,5.11,3.14
1.08,"Ideal","G","IF",61.3,57,8873,6.59,6.62,4.05
0.73,"Very Good","F","VVS2",61.9,59,3442,5.72,5.84,3.58
1.57,"Very Good","H","VS2",63.4,56,9407,7.46,7.4,4.71
1.01,"Very Good","G","SI2",61.9,55,3852,6.43,6.46,3.99
0.33,"Ideal","G","IF",62.1,56,984,4.41,4.44,2.75
0.44,"Ideal","I","VS1",61.8,55,807,4.89,4.92,3.03
0.31,"Very Good","F","VS2",62.7,57,500,4.31,4.36,2.72
0.31,"Good","H","SI1",63.6,57,573,4.33,4.32,2.75
0.96,"Ideal","J","VS2",61.5,57,3326,6.32,6.36,3.9
0.36,"Ideal","G","VVS2",61.8,55,888,4.57,4.62,2.84
0.5,"Good","E","SI1",63.7,59,1155,5.07,5.01,3.21
0.35,"Premium","H","VS1",62.6,59,788,4.5,4.45,2.8
0.52,"Ideal","H","VS2",61.5,55,1593,5.18,5.22,3.2
0.32,"Ideal","H","VS1",61.6,56,592,4.42,4.46,2.73
0.31,"Ideal","D","SI2",61.3,56,462,4.36,4.41,2.69
0.5,"Very Good","G","VVS2",62.2,61,1715,5.07,5.09,3.16
0.61,"Ideal","F","SI1",61.4,56,1681,5.46,5.42,3.34
0.5,"Ideal","G","SI1",61.7,57,1237,5.06,5.08,3.13
0.55,"Ideal","I","VS2",61.6,55,1281,5.27,5.29,3.25
0.41,"Premium","G","VS1",62.6,58,899,4.7,4.75,2.96
0.37,"Premium","E","VS2",61,59,692,4.6,4.65,2.82
1.01,"Premium","E","SI2",62.8,57,4054,6.41,6.36,4.01
0.72,"Very Good","G","VS1",60.6,56,2970,5.84,5.87,3.55
0.3,"Ideal","F","VVS1",62.1,55,802,4.31,4.35,2.69
0.23,"Very Good","D","VVS1",63.3,57,478,3.9,3.93,2.48
0.52,"Premium","G","SI1",62.6,58,1249,5.13,5.1,3.2
0.42,"Good","H","SI1",63.1,57,700,4.76,4.78,3.01
1.2,"Premium","G","VVS2",62.8,59,10053,6.72,6.65,4.2
0.5,"Very Good","H","VS2",62.3,56,1337,5.06,5.11,3.17
0.75,"Very Good","E","VS2",62.3,56,3365,5.79,5.84,3.62
0.36,"Ideal","G","VS1",61.6,56,932,4.59,4.56,2.82
1.53,"Premium","G","VVS1",60.6,58,16601,7.49,7.45,4.53
1.02,"Very Good","H","SI1",60.3,59,4476,6.44,6.5,3.9
0.56,"Premium","F","VS2",59.6,58,1654,5.34,5.36,3.19
1.02,"Ideal","G","SI2",62.6,58,4363,6.42,6.4,4.01
0.3,"Very Good","G","VS1",63.4,58,776,4.25,4.23,2.69
0.4,"Premium","G","VVS2",62.5,60,1050,4.7,4.65,2.92
0.59,"Premium","E","VS2",62.3,55,1883,5.43,5.39,3.37
0.32,"Premium","G","SI2",62.7,58,421,4.35,4.39,2.74
0.7,"Ideal","H","SI1",62.2,55,2294,5.67,5.71,3.54
1,"Very Good","D","SI1",62.1,61,5390,6.3,6.32,3.92
1.01,"Very Good","G","SI2",61.8,58,3966,6.36,6.39,3.94
0.3,"Good","F","VS2",63.5,55,484,4.25,4.28,2.71
0.3,"Ideal","F","VVS1",61.4,56,1041,4.33,4.37,2.67
2.22,"Ideal","G","SI2",62.6,57,14637,8.35,8.29,5.21
1.51,"Ideal","F","VVS2",62.6,57,16754,7.36,7.25,4.57
1.02,"Good","D","SI2",57.7,64,4246,6.7,6.62,3.84
0.5,"Ideal","D","VS2",61.9,55,1690,5.09,5.12,3.16
1.3,"Ideal","G","IF",61.3,56,12932,7.03,7.06,4.32
0.9,"Good","G","SI1",63.7,58,3669,6.12,6.09,3.89
1.01,"Fair","I","I1",56.1,63,2342,6.7,6.65,3.74
0.4,"Ideal","F","VVS1",61.5,56,1206,4.77,4.73,2.92
0.3,"Very Good","H","VVS2",62.8,57,605,4.22,4.25,2.66
0.5,"Premium","F","VVS2",62.7,56,1987,5.08,5.03,3.17
0.3,"Premium","G","VS1",62.4,58,776,4.24,4.22,2.64
0.4,"Ideal","G","SI2",60.4,56,745,4.78,4.82,2.9
1.31,"Ideal","H","SI1",60.8,56,7519,7.12,7.08,4.32
0.33,"Ideal","F","VVS2",61.4,55,761,4.48,4.51,2.76
0.33,"Ideal","H","VVS2",60.9,57,666,4.48,4.52,2.74
0.55,"Ideal","D","VS1",61.5,56,2020,5.28,5.26,3.24
0.33,"Premium","H","IF",62,58,868,4.39,4.42,2.73
0.31,"Ideal","F","SI1",61.2,55,568,4.37,4.4,2.68
1.13,"Ideal","I","VS1",61.9,55,6980,6.67,6.7,4.14
1.05,"Ideal","F","SI1",60.6,59,5586,6.51,6.56,3.96
1.5,"Ideal","I","VS1",61.3,57,9900,7.32,7.35,4.5
1.01,"Ideal","F","VS2",61,57,6416,6.38,6.5,3.93
0.31,"Very Good","I","VVS1",62.2,60,571,4.3,4.32,2.68
1.05,"Ideal","I","SI1",62.1,59,4516,6.5,6.47,4.03
0.51,"Ideal","F","VVS2",61.4,56,2025,5.16,5.17,3.17
0.37,"Premium","D","VVS2",60.7,59,1038,4.66,4.63,2.82
1.51,"Premium","E","SI1",59.6,61,12236,7.53,7.43,4.46
0.4,"Ideal","F","VS1",61.3,57,917,4.74,4.78,2.92
0.31,"Good","F","VS2",63.9,56,625,4.29,4.32,2.75
0.5,"Ideal","D","VVS2",61.8,54.1,2639,5.1,5.14,3.16
0.34,"Ideal","D","SI1",62.3,57,626,4.44,4.48,2.78
0.33,"Ideal","G","VS1",61.1,55,699,4.5,4.52,2.75
0.92,"Ideal","E","SI1",61,55,4791,6.27,6.25,3.82
1.18,"Premium","G","VVS2",59.7,58,9537,6.94,6.9,4.13
0.4,"Premium","G","SI1",62,59,900,4.74,4.71,2.93
0.92,"Premium","I","SI1",60.4,59,2730,6.31,6.24,3.79
0.34,"Ideal","G","VS1",62,55,681,4.47,4.5,2.78
0.27,"Premium","E","VS1",61.5,58,603,4.22,4.17,2.58
1.54,"Premium","F","SI1",62.8,58,9926,7.35,7.32,4.61
1.2,"Ideal","G","VS1",62.4,57.1,8698,6.72,6.79,4.23
0.38,"Ideal","G","SI1",62.4,57,855,4.65,4.62,2.89
2,"Ideal","I","SI2",61.7,56,15092,8,8.13,4.98
1.5,"Fair","H","VVS2",65.8,57,7476,7.19,7.15,4.72
1.05,"Fair","G","VS2",65.5,57,5673,6.38,6.34,4.17
0.91,"Ideal","G","SI2",62.7,57,3557,6.15,6.19,3.87
1.17,"Fair","I","I1",64.5,59,2336,6.67,6.47,4.25
1,"Fair","H","SI2",66.1,59,3472,6.18,6.13,4.07
1.57,"Ideal","I","SI1",62,59,9095,7.41,7.45,4.61
0.61,"Very Good","E","IF",61.7,58,3337,5.39,5.47,3.35
0.31,"Ideal","I","VS2",62.3,53.8,447,4.32,4.36,2.7
0.3,"Ideal","G","VVS1",61.6,58,764,4.31,4.32,2.66
0.31,"Ideal","D","SI1",62.9,56,732,4.34,4.31,2.72
0.34,"Ideal","G","IF",61.9,57,1014,4.47,4.48,2.77
0.31,"Very Good","D","SI1",63.5,56,732,4.31,4.29,2.73
0.42,"Ideal","H","VS1",62.4,57,847,4.76,4.79,2.98
0.58,"Ideal","H","VVS1",62.1,53.6,1961,5.35,5.38,3.34
0.41,"Very Good","H","VVS1",61.7,58,991,4.74,4.79,2.94
1.02,"Premium","G","VS2",62,57,5581,6.48,6.43,4
0.73,"Ideal","F","VVS1",61.1,56,4171,5.83,5.86,3.57
0.28,"Good","G","VS2",61.8,61,394,4.2,4.21,2.6
1.13,"Premium","F","IF",59.8,60,12549,6.82,6.76,4.06
0.3,"Ideal","F","IF",62.3,57,886,4.29,4.31,2.68
0.38,"Ideal","J","VVS2",61.4,56,629,4.68,4.7,2.88
0.32,"Ideal","E","VVS2",61.6,57,842,4.4,4.43,2.72
0.32,"Ideal","H","VS2",63,57,648,4.37,4.33,2.74
1.02,"Very Good","F","VS2",59.4,58,6479,6.52,6.62,3.9
0.3,"Very Good","H","VS2",62.6,58,473,4.22,4.28,2.66
0.79,"Very Good","H","VS1",63.7,56,2784,5.85,5.92,3.75
0.49,"Very Good","E","SI1",63.6,57.9,1400,4.96,4.99,3.16
0.3,"Very Good","I","VVS1",60.5,60,552,4.32,4.34,2.62
1.2,"Ideal","E","VVS1",61.8,56,16256,6.78,6.87,4.22
1.11,"Premium","F","SI2",62.1,58,4283,6.63,6.51,4.1
0.73,"Premium","J","VS1",60.2,58,2037,5.87,5.82,3.52
0.7,"Premium","G","VS2",60.8,58,2317,5.75,5.8,3.51
0.78,"Very Good","F","VS1",63.3,56,3563,5.84,5.89,3.71
2.46,"Ideal","J","SI2",62.3,57,16466,8.66,8.57,5.37
0.53,"Ideal","E","SI1",61.2,54,1303,5.21,5.25,3.2
0.31,"Ideal","I","VS2",59.9,57,435,4.38,4.4,2.63
2.03,"Ideal","F","SI2",62.4,57,12677,8.09,8.02,5.03
0.34,"Ideal","D","VS1",60.3,57,914,4.52,4.55,2.73
1.04,"Premium","J","SI1",60.2,56,4036,6.61,6.54,3.96
0.55,"Very Good","H","VS2",60.2,59,1327,5.36,5.24,3.19
0.34,"Ideal","E","VS1",62.2,55,1033,4.52,4.49,2.8
1.05,"Ideal","D","SI1",60.7,60,6196,6.52,6.56,3.97
0.44,"Good","G","IF",58.5,61,1407,4.99,5.03,2.93
1.57,"Ideal","H","I1",62.8,56,5170,7.42,7.36,4.64
1.01,"Very Good","G","VS1",63.1,59,5294,6.32,6.23,3.96
1,"Premium","G","IF",61.4,59,7822,6.47,6.39,3.95
0.33,"Premium","I","VS2",62,60,594,4.46,4.41,2.75
0.3,"Ideal","G","VS1",62.3,56,555,4.29,4.31,2.68
0.31,"Ideal","G","VVS2",61.7,54,707,4.34,4.38,2.69
0.71,"Very Good","F","VS1",62.2,58,2807,5.66,5.72,3.54
0.33,"Ideal","E","VS2",61.8,55,723,4.45,4.48,2.76
1.03,"Premium","H","VS1",62,59,5523,6.45,6.48,4.01
1.75,"Premium","I","VS1",60.6,60,12529,7.84,7.8,4.74
2.14,"Very Good","I","VS2",62.8,59,15931,8.16,8.21,5.14
0.36,"Ideal","G","IF",61.6,55,1074,4.57,4.59,2.82
0.56,"Ideal","F","SI1",61.4,57,1441,5.3,5.28,3.25
0.34,"Ideal","D","VVS1",61.7,57,1133,4.49,4.52,2.78
0.58,"Fair","G","VS2",65,56,1430,5.23,5.17,3.38
0.9,"Very Good","G","SI1",63.8,53,3615,6.1,6.16,3.91
0.91,"Good","F","SI1",66.1,57,3893,5.99,6.03,3.97
0.51,"Ideal","F","VVS2",61.8,56,2098,5.13,5.16,3.18
0.7,"Fair","F","SI2",64.9,58,2035,5.46,5.59,3.59
0.7,"Ideal","G","SI1",61.1,55,2335,5.72,5.76,3.51
1,"Very Good","E","VVS2",63,58,9224,6.33,6.36,4
1.03,"Ideal","D","SI2",61.2,57,4764,6.59,6.51,4.01
1,"Premium","E","VS2",60,60,6720,6.43,6.43,3.89
0.73,"Ideal","H","VVS2",61.6,56,2846,5.79,5.84,3.58
0.31,"Ideal","D","SI2",62.9,54,593,4.35,4.3,2.72
0.91,"Premium","D","SI2",61,61,3943,6.24,6.16,3.78
1.24,"Very Good","J","SI2",63.3,60,3908,6.83,6.75,4.29
2.04,"Premium","I","SI1",58.8,60,14775,8.42,8.32,4.92
1.19,"Premium","H","SI1",61.3,58,6078,6.82,6.78,4.17
0.96,"Very Good","D","SI2",60.2,63,3419,6.36,6.3,3.81
0.59,"Good","D","SI1",63.8,57,1431,5.31,5.26,3.37
2.04,"Ideal","G","SI1",61.9,58,18153,8.12,8.16,5.04
1.06,"Ideal","I","SI2",62.8,55,3146,6.51,6.46,4.07
0.5,"Ideal","F","VVS1",60.4,56,2165,5.16,5.21,3.13
1.21,"Premium","H","SI2",62.1,56,5082,6.8,6.76,4.21
0.73,"Very Good","G","VS1",60.7,55,3011,5.87,5.89,3.57
0.4,"Premium","J","VS1",60.7,60,810,4.79,4.76,2.9
1,"Premium","F","SI1",60.5,56,5292,6.48,6.45,3.91
0.3,"Premium","H","VVS2",62.9,57,776,4.31,4.28,2.7
0.41,"Fair","G","VVS2",64.7,56,833,4.68,4.72,3.04
1.01,"Premium","H","SI1",62.3,58,5090,6.44,6.4,4
0.41,"Premium","F","SI2",59,58,775,4.89,4.87,2.88
0.33,"Good","D","SI2",63.4,56,492,4.4,4.43,2.8
0.73,"Ideal","F","SI2",62.1,56,2712,5.8,5.76,3.59
0.35,"Premium","J","VS1",62.4,58,949,5.67,5.64,3.53
1.5,"Very Good","I","VS1",62.2,59,10164,7.27,7.3,4.53
1.1,"Premium","H","SI2",62.6,57,4558,6.6,6.56,4.12
0.28,"Ideal","H","VS2",62.5,54,467,4.2,4.22,2.63
0.5,"Good","D","SI2",63.7,60,925,5.09,5.02,3.22
1.24,"Ideal","D","SI1",61.9,56,6805,6.9,6.87,4.26
0.84,"Ideal","J","VS2",61.1,57,2709,6.09,6.12,3.73
0.3,"Premium","G","SI1",61.6,59,574,4.28,4.26,2.63
0.77,"Very Good","D","VS2",63.1,57,3428,5.86,5.83,3.69
0.52,"Good","G","IF",59.8,57,2093,5.24,5.27,3.14
0.75,"Premium","I","SI2",61.1,57,2070,5.88,5.84,3.58
1.09,"Ideal","E","SI2",61.9,55,5127,6.64,6.6,4.1
0.31,"Fair","E","VS2",55.9,62,581,4.6,4.56,2.56
0.32,"Ideal","F","VS1",61.1,57,652,4.42,4.45,2.71
1.19,"Premium","J","SI1",63,54,4498,6.82,6.74,4.27
0.34,"Premium","F","VS2",61.2,59,686,4.47,4.52,2.75
2.1,"Very Good","J","VS2",61.5,60.7,13340,8.16,8.21,5.03
0.42,"Premium","E","SI1",61.6,59,992,4.85,4.83,2.98
2.38,"Premium","H","SI1",58.2,60,16643,8.81,8.78,5.12
0.7,"Premium","F","SI1",62.6,55,2184,5.65,4.5,3
0.5,"Premium","E","SI1",61.5,62,1415,5.09,5.06,3.12
0.34,"Premium","G","VS2",60.3,54,765,4.56,4.53,2.74
0.48,"Fair","E","VS2",64.9,54,1215,4.94,4.92,3.2
0.41,"Good","F","SI1",63.1,56,685,4.69,4.73,2.97
0.31,"Premium","E","SI1",61.2,58,651,4.38,4.34,2.67
1.06,"Very Good","G","I1",60.7,63,2080,6.59,6.56,3.99
0.91,"Good","D","SI2",63.8,58,3781,6.09,6.04,3.87
0.3,"Ideal","H","VS2",62.2,54,491,4.33,4.35,2.7
0.3,"Ideal","E","VS2",61.5,55,673,4.3,4.34,2.66
0.32,"Premium","D","SI1",61.3,60,589,4.41,4.43,2.71
0.31,"Ideal","E","VS1",61.7,56,734,4.37,4.41,2.71
0.56,"Fair","E","SI1",64.5,61,1358,5.22,5.09,3.33
1,"Fair","E","SI1",66.5,55,3696,6.21,6.19,4.12
0.61,"Premium","D","SI2",60.8,57,1308,5.48,5.4,3.31
0.51,"Ideal","E","VVS1",61.3,56,3197,5.13,5.21,3.17
1.14,"Ideal","H","VS2",61.6,56,5831,6.68,6.72,4.13
0.53,"Ideal","D","SI1",61.7,56,1753,5.23,5.15,3.2
0.79,"Ideal","D","SI1",61.3,54,3328,5.96,6.01,3.67
0.8,"Premium","D","SI1",59.4,55,3226,6.06,6.02,3.59
1.7,"Premium","H","SI1",61.8,61,11848,7.59,7.52,4.67
0.51,"Ideal","D","VS1",61.7,54,1845,5.15,5.12,3.17
1,"Good","H","VS2",56.9,63,5208,6.6,6.57,3.75
1.01,"Premium","G","SI2",62.1,61,4038,6.38,6.27,3.93
0.9,"Premium","H","VS2",61.8,56,4082,6.25,6.18,3.84
1.58,"Ideal","H","VVS2",61.4,56,13397,7.49,7.52,4.61
0.5,"Very Good","F","SI1",63.2,58,1106,5.08,5.04,3.2
0.7,"Fair","I","SI1",65.2,58,1749,5.6,5.56,3.64
0.31,"Ideal","G","VS1",60.8,57,645,4.39,4.42,2.68
0.77,"Premium","F","SI1",61,58,2856,5.94,5.9,3.61
0.7,"Good","G","VVS1",58.5,62,3380,5.8,5.82,3.4
0.3,"Premium","H","VVS2",61.5,58,605,4.28,4.3,2.64
0.9,"Very Good","F","VS2",63.2,58,4504,6.11,6.16,3.88
0.4,"Ideal","G","VVS2",62.6,53,917,4.72,4.77,2.97
0.57,"Ideal","G","VS1",61.3,56,1851,5.34,5.36,3.28
0.3,"Ideal","F","VS1",61.6,54,621,4.32,4.35,2.67
1.21,"Fair","J","SI1",65,59,4147,6.64,6.57,4.29
0.4,"Very Good","E","SI1",63.5,57,882,4.72,4.7,2.99
0.32,"Ideal","F","IF",61.2,57,958,4.44,4.45,2.72
0.7,"Ideal","E","SI1",61.6,56,2789,5.72,5.75,3.53
0.24,"Very Good","E","VVS2",62.8,58,478,3.92,3.95,2.47
0.41,"Premium","G","VS2",62.4,58,827,4.72,4.76,2.96
1.06,"Ideal","I","SI2",61.4,57,3777,6.57,6.63,4.05
1.5,"Premium","J","VS1",62,61,7832,7.37,7.24,4.53
0.31,"Ideal","G","VS2",61.7,57,698,4.36,4.33,2.68
0.9,"Premium","G","SI2",59.5,61,3326,6.33,6.28,3.75
0.34,"Premium","D","VS2",59.3,58,1033,4.55,4.52,2.69
0.51,"Ideal","E","SI1",59.6,57,1546,5.24,5.2,3.11
0.67,"Fair","F","SI1",56,67,1642,5.81,5.78,3.25
0.32,"Ideal","E","VS1",62.3,54,825,4.37,4.4,2.73
1.03,"Very Good","D","VVS2",62.7,58,11677,6.39,6.43,4.02
0.4,"Premium","D","SI2",59.9,60,855,4.78,4.74,2.85
0.56,"Good","E","SI2",63.5,57,1172,5.21,5.24,3.32
1.18,"Premium","H","VS2",61.1,60,4916,6.8,6.76,4.14
1.01,"Premium","H","VS2",61.3,59,4959,6.44,6.48,3.96
1.5,"Very Good","E","SI1",59.6,58,11586,7.38,7.41,4.41
0.55,"Ideal","G","VS2",61.4,56.3,1662,5.26,5.29,3.24
2.01,"Very Good","E","SI2",61.2,58,14813,8.05,8.07,4.93
1.11,"Ideal","H","VVS2",61.2,56,7136,6.74,6.7,4.11
0.59,"Very Good","G","SI2",60.6,56,1210,5.47,5.48,3.32
1.04,"Premium","G","SI1",59.2,61,4811,6.68,6.63,3.94
0.41,"Ideal","F","IF",61.7,56,1304,4.79,4.83,2.97
1.51,"Ideal","G","VS1",62.1,55,13995,7.38,7.33,4.57
0.92,"Very Good","F","SI2",60.6,63,3534,6.34,6.25,3.81
1.07,"Ideal","G","SI2",61.7,57,4421,6.55,6.59,4.05
0.51,"Premium","G","VVS2",61.7,58,1974,5.14,5.11,3.16
0.51,"Ideal","E","VVS1",61.3,56,3226,5.21,5.13,3.17
1.13,"Fair","I","VS2",55.9,67,4695,7.05,6.94,3.9
1.11,"Premium","H","VS1",62.3,57,4687,6.67,6.62,4.14
0.3,"Very Good","H","SI1",61.3,58,421,4.29,4.33,2.64
1.28,"Very Good","G","VS1",59.2,57,8895,7.05,7.13,4.2
0.28,"Very Good","F","VVS2",61.6,56,707,4.2,4.23,2.59
0.5,"Good","G","VVS1",60,62,1966,5.12,5.18,3.09
0.33,"Premium","E","VS2",61,60,928,4.47,4.42,2.71
0.39,"Very Good","F","VVS1",60.8,57,1107,4.72,4.75,2.88
0.79,"Good","F","SI2",64.3,60,1943,5.82,5.75,3.72
0.31,"Premium","E","VS1",61.9,56,816,4.37,4.32,2.69
1,"Good","D","I1",57.8,62,2657,6.51,6.47,3.75
0.5,"Good","D","SI1",63.6,54,1436,5.02,5.08,3.21
0.3,"Premium","D","VS2",61,58,710,4.32,4.34,2.64
1.53,"Very Good","E","SI2",63.1,59,8654,7.38,7.21,4.61
0.91,"Very Good","G","SI2",63.4,60,3891,6.11,6.06,3.86
1.19,"Good","G","VVS2",61.1,61,8995,6.86,6.83,4.18
1.08,"Fair","E","SI2",64.9,60,3861,6.43,6.39,4.16
0.33,"Premium","G","VS1",62,59,854,4.42,4.36,2.72
1.13,"Very Good","H","SI2",59.8,59,4537,6.75,6.82,4.06
0.38,"Very Good","D","VS2",63.1,55,1005,4.6,4.59,2.9
1.51,"Very Good","E","SI2",58.8,58,9727,7.53,7.61,4.45
1,"Ideal","D","SI2",61.5,56,4956,6.45,6.41,3.95
1.41,"Very Good","H","VS2",62.5,58,8846,7.08,7.12,4.44
0.54,"Very Good","E","VS2",61.5,59,1726,5.21,5.23,3.21
0.53,"Premium","D","VS1",62.4,61,1940,5.25,5.14,3.24
0.72,"Ideal","H","VS1",61.4,56,2998,5.79,5.81,3.56
0.71,"Premium","G","SI1",62.3,56,2283,5.69,5.65,3.53
0.46,"Ideal","I","VS2",62.2,56,1073,4.96,4.9,3.07
0.5,"Good","G","VS2",57.9,61,1415,5.23,5.2,3.02
1.01,"Good","E","VVS2",63.9,58,8569,6.37,6.31,4.05
0.32,"Premium","G","VS2",61.1,58,720,4.45,4.42,2.71
2.02,"Very Good","J","VS2",59.3,60,13693,8.28,8.34,4.93
1.3,"Very Good","G","VS1",62.5,57,9837,6.92,6.96,4.34
0.52,"Ideal","E","SI1",60.9,57,1713,5.17,5.2,3.16
1,"Ideal","F","SI1",60,57,4939,6.45,6.41,3.86
0.7,"Ideal","I","VVS1",61.8,56,2492,5.72,5.74,3.54
0.54,"Premium","H","VS2",61.9,55,1389,5.25,5.22,3.24
1.5,"Good","H","SI2",63.6,60,6770,7.3,7.23,4.63
1.04,"Very Good","H","SI2",62.9,57,4435,6.39,6.45,4.04
1.51,"Good","I","VVS1",64,60,9471,7.26,7.21,4.63
0.41,"Ideal","E","SI1",61.2,55,824,4.8,4.84,2.95
0.9,"Good","G","SI1",63.7,56,3074,6.1,6.06,3.87
0.78,"Very Good","H","VS1",61.9,57.1,2854,5.87,5.95,3.66
0.4,"Premium","D","SI1",59.9,60,772,4.75,4.77,2.85
1.28,"Good","H","SI2",56.8,62,4086,7.22,7.16,4.08
0.28,"Good","J","VVS2",58.4,60,375,4.27,4.33,2.51
1.1,"Premium","H","SI1",63,58,4916,6.6,6.55,4.14
0.32,"Ideal","D","VS2",61.9,55,758,4.41,4.44,2.74
0.41,"Good","H","SI1",63.3,56,683,4.71,4.74,2.99
0.5,"Premium","E","SI1",62.4,60,1238,4.98,4.96,3.1
1.29,"Good","F","SI1",63.8,60,7828,6.9,6.86,4.39
0.33,"Good","F","VVS1",60.2,64,724,4.47,4.5,2.7
1.01,"Premium","F","VS1",62.5,58,7465,6.37,6.42,4
0.37,"Ideal","G","VVS2",60.7,55,1073,4.66,4.7,2.84
0.32,"Ideal","G","SI1",62.5,55,612,4.38,4.35,2.73
1.02,"Premium","G","VS1",62,56,6683,6.5,6.43,4.01
0.51,"Ideal","G","VVS2",61.5,57,1974,5.18,5.13,3.17
0.8,"Ideal","F","SI2",61.8,59,3066,5.94,5.96,3.68
1,"Very Good","G","VVS2",63.1,58,7589,6.37,6.33,4.01
1.21,"Very Good","G","SI1",63.4,60,4637,6.68,6.63,4.22
1.07,"Ideal","F","SI2",61.5,57,4678,6.57,6.6,4.05
1,"Ideal","D","SI1",62.5,55,4928,6.43,6.38,4
1.52,"Premium","G","VVS1",62.7,59,12498,7.32,7.35,4.6
0.51,"Ideal","D","VS2",61.8,55,1787,5.15,5.18,3.19
1.2,"Premium","H","VS2",62.8,58,6416,6.75,6.7,4.22
1.1,"Ideal","F","VVS2",61.2,56,9343,6.71,6.64,4.08
1.01,"Very Good","E","VS2",63,60,6221,6.32,6.35,3.99
0.33,"Very Good","I","VVS1",61.7,61,608,4.43,4.45,2.74
1.51,"Premium","I","SI2",62.7,55,7766,7.37,7.28,4.59
2.1,"Ideal","I","SI1",61.6,57,12168,8.24,8.15,5.05
0.29,"Ideal","E","VVS2",61.9,56,815,4.22,4.24,2.62
0.73,"Ideal","G","VVS2",61.3,57,2843,5.81,5.84,3.57
0.34,"Ideal","G","IF",61.7,55,1014,4.48,4.5,2.77
0.7,"Very Good","E","IF",60.3,59,4679,5.72,5.76,3.46
0.41,"Ideal","F","SI1",63,56,904,4.78,4.71,2.99
0.35,"Ideal","I","VS2",61.1,57,509,4.55,4.58,2.79
0.81,"Very Good","G","SI2",62.9,56.9,2493,5.89,5.96,3.73
1.16,"Ideal","G","VVS2",62.2,56,9251,6.7,6.74,4.18
0.52,"Very Good","F","VVS2",62.9,57,2035,5.11,5.13,3.22
1,"Ideal","H","SI1",61.4,55,4469,6.49,6.44,3.97
0.3,"Very Good","H","VS1",63.2,58,630,4.26,4.22,2.68
0.6,"Ideal","E","VS2",60.6,56,2141,5.47,5.52,3.33
0.33,"Premium","H","VS2",61.7,59,668,4.42,4.39,2.72
0.5,"Ideal","G","VVS1",62.2,56,2070,5.12,5.1,3.18
1.16,"Ideal","I","VS2",61.5,57,5207,6.75,6.78,4.16
0.51,"Premium","G","SI1",62,56,1250,5.14,5.12,3.18
1.01,"Premium","H","SI1",60.4,60,4977,6.55,6.47,3.93
0.35,"Premium","E","VVS1",61,58,1116,4.56,4.52,2.77
1.06,"Ideal","G","VVS2",61.4,57,8726,6.52,6.55,4.01
0.56,"Very Good","F","SI1",60,57,1679,5.41,5.38,3.24
0.28,"Good","H","VVS1",56,64,480,4.38,4.41,2.46
0.4,"Very Good","E","VS2",62.9,55,912,4.73,4.74,2.98
0.36,"Ideal","E","VS1",61.4,54,835,4.59,4.63,2.83
0.3,"Premium","E","SI1",59.5,58,526,4.39,4.42,2.62
1.01,"Very Good","E","SI2",59.6,61,4355,6.56,6.59,3.92
0.95,"Ideal","I","VS2",62.2,57,3884,6.29,6.22,3.89
1.29,"Ideal","J","VS2",62.1,59,5771,6.92,6.96,4.31
0.41,"Good","E","SI1",63.1,57,705,4.73,4.78,3
1.11,"Ideal","E","SI2",62,57,4196,6.67,6.63,4.12
0.31,"Ideal","D","SI1",62,55,732,4.38,4.36,2.71
1.51,"Premium","I","VS1",61.1,61,10401,7.37,7.32,4.49
1,"Premium","H","IF",60.6,57,7235,6.54,6.47,3.94
0.91,"Very Good","F","SI1",62.3,58,4785,6.14,6.19,3.84
0.31,"Very Good","D","VS2",61.8,57,734,4.36,4.41,2.71
0.32,"Premium","E","VS2",62.6,58,702,4.36,4.4,2.74
0.3,"Premium","H","VVS1",62.6,60,878,4.26,4.21,2.65
1.5,"Premium","F","SI1",61.4,59,11588,7.34,7.31,4.5
1.06,"Ideal","E","IF",62,57,13344,6.49,6.54,4.04
1.62,"Premium","F","SI1",60.1,58,11733,7.63,7.59,4.57
2.04,"Very Good","I","I1",59.3,61,8257,8.25,8.3,4.91
0.38,"Ideal","F","SI1",61,56,874,4.7,4.73,2.87
0.57,"Ideal","F","VS1",61.9,56,2052,5.39,5.3,3.31
1.24,"Premium","I","VS2",61.2,58,4858,6.94,6.89,4.23
0.79,"Ideal","G","SI1",62.3,57,2898,5.9,5.85,3.66
0.42,"Premium","G","VS1",60.6,58,984,4.95,4.82,2.96
0.54,"Ideal","F","VS1",62.2,55,1799,5.23,5.25,3.26
0.4,"Good","F","SI1",63.6,59,678,4.64,4.67,2.96
1.02,"Premium","D","VVS2",61.4,58,10580,6.43,6.46,3.96
1.34,"Ideal","I","VVS2",61.4,56,8079,7.07,7.09,4.35
0.77,"Premium","E","SI1",60.4,58,2975,6,5.88,3.59
0.3,"Ideal","E","SI1",62.4,57,499,4.27,4.29,2.67
0.39,"Premium","H","VS1",61.7,57,1009,4.68,4.65,2.88
0.7,"Very Good","E","SI1",63.2,57,2518,5.63,5.61,3.55
1.54,"Good","H","VS1",63.1,57,10769,7.34,7.4,4.65
1.01,"Ideal","H","SI1",62.3,55,5029,6.46,6.45,4.02
1.13,"Very Good","E","SI2",60.3,58,5052,6.78,6.86,4.11
1.02,"Premium","F","SI2",61.5,58,4459,6.42,6.49,3.97
0.9,"Ideal","G","VS2",62,57,4561,6.19,6.22,3.85
1.51,"Very Good","F","VVS2",61.9,58,16716,7.3,7.36,4.54
1.21,"Premium","G","VS1",62.7,58,8774,6.85,6.76,4.27
0.38,"Very Good","G","SI1",62.1,54,755,4.64,4.67,2.9
0.41,"Ideal","E","VS2",62.2,56,848,4.75,4.8,2.97
0.77,"Very Good","F","VVS2",60.6,60,3917,5.89,5.92,3.58
0.55,"Very Good","D","VVS1",61.5,56,2815,5.23,5.27,3.23
0.5,"Premium","D","VS2",61.9,58,1845,5.1,5.04,3.14
1.51,"Good","G","SI2",63.7,57,7695,7.28,7.21,4.62
0.7,"Fair","G","VS1",65.6,60,2384,5.57,5.5,3.63
1.05,"Good","I","VS2",63.1,58,4529,6.42,6.47,4.07
0.56,"Ideal","G","VS2",61,57,1580,5.32,5.34,3.25
2.5,"Fair","G","I1",65.1,59,8711,8.55,8.39,5.53
2.07,"Ideal","F","SI2",60.5,57,13373,8.28,8.21,4.99
0.39,"Premium","I","VVS2",63,56,1009,4.68,4.62,2.93
0.7,"Very Good","E","SI1",63.2,60,2777,5.6,5.51,3.51
1.01,"Good","I","SI1",64.1,59,3676,6.24,6.21,3.99
0.3,"Ideal","G","VS1",60.4,55,637,4.38,4.41,2.66
0.37,"Very Good","E","VVS2",61.2,55,779,4.63,4.68,2.85
0.72,"Premium","H","SI1",62.5,57,2398,5.73,5.67,3.56
1.5,"Premium","E","VS2",59.4,62,12587,7.48,7.4,4.42
0.42,"Ideal","E","VS2",60.9,57,902,4.85,4.87,2.96
1,"Premium","F","VS2",62.2,59,6328,6.37,6.29,3.94
0.73,"Very Good","I","VVS2",62.3,58,2565,5.75,5.78,3.59
0.51,"Ideal","D","SI2",61.1,56,1359,5.18,5.16,3.16
0.31,"Good","E","VS1",59,63,600,4.44,4.47,2.63
0.36,"Ideal","D","VS2",62.5,55,773,4.55,4.57,2.85
0.56,"Ideal","F","SI1",60.1,58,1394,5.36,5.39,3.23
0.55,"Premium","I","VVS1",61.3,59,1712,5.3,5.27,3.24
0.41,"Ideal","E","VS1",62.3,57,1153,4.77,4.74,2.96
0.9,"Premium","G","SI2",62.8,61,3385,6.14,6.09,3.84
0.73,"Ideal","D","VVS2",61.3,56,4372,5.79,5.82,3.56
1.41,"Ideal","H","SI2",62,56,8030,7.17,7.24,4.47
0.53,"Ideal","F","VVS2",61.6,55,2131,5.21,5.24,3.22
0.72,"Very Good","E","SI1",62.5,58,2618,5.68,5.72,3.56
0.35,"Premium","D","VS2",59.7,58,829,4.57,4.61,2.74
1,"Very Good","E","SI2",63.3,58,4579,6.35,6.32,4.01
1,"Ideal","H","SI2",61.2,57,4260,6.42,6.45,3.94
0.3,"Good","F","VS2",63.1,55,484,4.24,4.29,2.69
1,"Premium","E","SI1",60.5,59,5396,6.45,6.4,3.89
0.36,"Premium","H","VS1",60.8,59,810,4.62,4.59,2.8
1.1,"Ideal","G","SI2",62.1,58,5361,6.61,6.63,4.11
1.5,"Premium","J","VS2",61.7,56,7308,7.33,7.23,4.49
0.67,"Good","F","VS1",64.4,57,2244,5.55,5.6,3.6
1,"Very Good","F","SI1",61.8,58,5058,6.37,6.44,3.96
0.56,"Ideal","G","VS1",61.2,54,1890,5.36,5.32,3.27
0.4,"Very Good","H","SI1",62.1,62,666,4.7,4.73,2.93
0.9,"Ideal","D","SI2",62.3,57,3871,6.17,6.23,3.86
0.53,"Ideal","E","VVS2",62.5,57,2250,5.12,5.18,3.22
1.58,"Ideal","E","SI1",61,57,13557,7.55,7.5,4.59
0.63,"Ideal","H","VS1",61.2,57,2040,5.5,5.55,3.37
1.29,"Ideal","H","SI1",61.8,55,7513,6.99,6.95,4.31
0.9,"Ideal","F","SI2",62.6,57,3704,6.2,6.13,3.86
1.75,"Ideal","J","SI1",63.3,59,8840,7.63,7.57,4.81
0.52,"Premium","E","VS1",61.6,58,1668,5.14,5.18,3.18
1.08,"Very Good","H","SI1",61.8,53,5375,6.62,6.63,4.09
0.57,"Ideal","E","SI1",61.8,57,1608,5.28,5.33,3.28
1,"Very Good","D","VS1",60.5,59,8077,6.43,6.46,3.9
0.7,"Very Good","F","VS2",62.6,57,2362,5.62,5.69,3.54
1.01,"Very Good","D","SI1",62.9,58,5731,6.33,6.38,4
1.51,"Ideal","G","VS1",61.7,54,13818,7.36,7.41,4.56
1.2,"Ideal","I","VS2",62.1,57,5914,6.78,6.71,4.19
1.12,"Premium","F","SI2",60.5,59,4570,6.73,6.79,4.09
0.9,"Very Good","F","SI1",62.8,56,3842,6.11,6.15,3.85
0.71,"Good","I","VS1",63.6,56,2306,5.65,5.7,3.61
0.39,"Very Good","H","VS2",60.7,56,661,4.77,4.79,2.9
1.21,"Ideal","F","VS1",61.8,56,10504,6.84,6.86,4.23
0.27,"Premium","E","VVS2",59,59,799,4.27,4.24,2.51
0.49,"Good","F","VS1",59.2,60.9,1294,5.08,5.18,3.04
1.06,"Ideal","I","SI2",61.8,57,4270,6.57,6.6,4.07
0.41,"Ideal","F","VS2",62.3,57,863,4.75,4.78,2.97
1.53,"Premium","F","VS1",60.3,58,15217,7.51,7.48,4.52
0.53,"Very Good","G","SI1",63.4,54,1161,5.09,5.13,3.24
1.01,"Premium","D","SI1",61.5,59,5860,6.46,6.39,3.95
1.02,"Ideal","I","SI2",62.9,56,3521,6.45,6.37,4.03
0.38,"Very Good","G","VS2",62.5,56,775,4.59,4.63,2.88
0.74,"Good","D","SI1",63.1,59,2753,5.71,5.74,3.61
1.21,"Ideal","H","VS1",60.5,57,7047,6.91,6.88,4.17
0.35,"Ideal","D","SI1",61.6,56,644,4.49,4.53,2.78
0.32,"Ideal","D","SI2",61.1,56,477,4.39,4.41,2.69
0.36,"Very Good","E","VS2",62.9,56,631,4.52,4.54,2.85
0.3,"Premium","D","SI1",62.2,61,709,4.28,4.24,2.65
2.04,"Very Good","H","SI2",62.7,56,15618,8.06,8.12,5.07
1,"Very Good","G","VS2",62.4,58,6449,6.31,6.38,3.96
0.96,"Premium","D","SI2",60,61,4274,6.36,6.32,3.81
0.92,"Very Good","F","SI2",62.1,59,3854,6.21,6.26,3.87
0.9,"Premium","F","SI2",61.4,62,3704,6.2,6.11,3.78
0.66,"Very Good","G","IF",60.5,59,3051,5.69,5.74,3.46
1,"Good","J","SI1",59.5,61,3616,6.46,6.52,3.86
0.28,"Very Good","E","VS1",58.9,58,487,4.27,4.32,2.53
0.42,"Very Good","E","SI1",61.4,54,728,4.83,4.87,2.98
0.33,"Ideal","G","VVS2",61.5,56,752,4.45,4.49,2.75
1.01,"Very Good","E","VS2",62.3,58,6310,6.39,6.45,4
0.52,"Ideal","D","VS2",61.9,57,1822,5.14,5.17,3.19
1.22,"Ideal","I","SI1",61.7,57,6012,6.85,6.82,4.22
0.34,"Premium","I","VS1",59.5,59,537,4.55,4.59,2.72
1.22,"Very Good","I","SI2",62.9,56,5072,6.79,6.84,4.29
0.9,"Very Good","F","SI2",63.4,59,3605,6.07,6.11,3.86
0.51,"Very Good","E","IF",63.3,58,2925,5.03,5.08,3.2
1.02,"Ideal","E","SI2",62.4,55,4478,6.47,6.44,4.03
0.31,"Very Good","G","VVS2",62.2,56,651,4.31,4.34,2.69
1.01,"Fair","F","SI2",67.3,62,3597,6.09,6.03,4.08
1.7,"Ideal","J","VS2",60.5,58,10002,7.73,7.74,4.68
1.15,"Premium","G","VVS1",60.8,58,9025,6.77,6.74,4.11
0.3,"Ideal","F","SI1",61.9,57,609,4.28,4.31,2.66
1.06,"Very Good","F","SI1",63.4,58,5520,6.51,6.42,4.1
0.59,"Very Good","I","SI1",61.7,55.2,1257,5.39,5.41,3.33
0.97,"Fair","F","I1",68.5,54,1787,6.26,6.05,4.22
0.71,"Very Good","F","SI1",61.8,58,2436,5.72,5.81,3.56
0.53,"Ideal","E","VS2",62.8,57,1776,5.19,5.16,3.25
1.5,"Very Good","F","VS2",62.6,59,13728,7.21,7.26,4.53
1.54,"Ideal","G","SI2",61.9,55,9193,7.47,7.39,4.6
1.55,"Ideal","E","VVS2",62.5,55,18188,7.38,7.4,4.62
0.51,"Good","D","SI1",64,58,1349,5.06,5.03,3.23
0.56,"Ideal","G","VVS1",62,56,2318,5.3,5.28,3.28
0.32,"Ideal","H","VS2",62.5,55,648,4.42,4.38,2.75
0.53,"Ideal","F","VVS2",62,57,2177,5.17,5.2,3.21
0.3,"Ideal","G","VVS2",62.2,54,819,4.33,4.29,2.68
0.55,"Premium","D","VS2",61.6,56,1894,5.33,5.28,3.27
1.59,"Very Good","J","VS1",60.7,59,8515,7.49,7.54,4.56
1.01,"Ideal","F","SI2",62.7,57,4843,6.36,6.39,4
1.2,"Ideal","F","VS2",62.3,55,8334,6.79,6.83,4.24
2.04,"Very Good","I","VS2",61,61,16616,8.08,8.14,4.95
0.58,"Very Good","F","SI2",63,56,1173,5.34,5.26,3.34
0.81,"Ideal","I","VS1",61.8,56,3422,5.97,6,3.7
0.24,"Very Good","E","VVS2",60.8,58,552,3.99,4.03,2.44
0.38,"Ideal","E","SI1",61.1,55,844,4.69,4.73,2.88
0.7,"Ideal","J","VS2",61.8,53,1874,5.73,5.76,3.55
0.3,"Premium","I","VS1",59.8,60,608,4.36,4.34,2.6
0.33,"Premium","I","VS1",59.5,60,521,4.5,4.54,2.69
0.7,"Ideal","G","SI1",62.7,57,2352,5.69,5.64,3.55
1.01,"Very Good","G","SI1",60,58,4719,6.51,6.55,3.92
0.31,"Ideal","D","SI2",62,56,462,4.33,4.35,2.69
0.38,"Very Good","E","VS2",60.5,62,866,4.65,4.74,2.84
0.56,"Very Good","G","SI1",58.8,59,1340,5.38,5.4,3.17
0.4,"Good","H","SI1",60.2,63,681,4.7,4.73,2.84
0.51,"Ideal","E","SI1",61.1,56,1443,5.2,5.17,3.17
0.38,"Ideal","I","SI2",61.6,56,554,4.65,4.67,2.87
0.55,"Very Good","G","SI1",60.7,56,1141,5.32,5.38,3.25
0.6,"Very Good","G","SI1",63.3,58,1399,5.34,5.31,3.37
0.52,"Ideal","G","VVS2",60.8,57,1878,5.2,5.17,3.15
0.37,"Ideal","D","VS2",61,56,876,4.65,4.7,2.85
0.73,"Fair","F","SI2",53.4,65,2164,6.19,6.15,3.3
1,"Fair","E","SI2",64.6,60,4077,6.23,6.18,4.01
0.74,"Ideal","F","VVS1",60.8,60,4127,5.82,5.86,3.55
1.74,"Premium","G","VS2",61,58,17614,7.77,7.75,4.73
1,"Very Good","H","SI1",62.8,56,4830,6.33,6.37,3.99
0.7,"Ideal","I","SI1",62.5,55,2110,5.68,5.71,3.56
1.54,"Premium","G","VS1",61.1,56,14438,7.54,7.48,4.59
0.7,"Very Good","F","VS1",60.5,57,2726,5.77,5.8,3.5
0.52,"Ideal","F","VS2",61.2,56,1625,5.19,5.37,3.2
1,"Premium","E","SI2",60.5,61,4077,6.38,6.31,3.84
0.76,"Good","D","VS2",63.5,55,3443,5.81,5.85,3.7
0.55,"Very Good","J","SI1",62.5,57,965,5.22,5.24,3.27
1.5,"Good","I","SI2",65,55,6364,7.15,7.24,4.68
0.32,"Premium","H","SI1",61.9,59,576,4.41,4.38,2.72
0.7,"Fair","F","I1",66.2,59,1087,5.59,5.4,3.65
1.7,"Premium","G","VVS2",59.8,59,18718,7.7,7.75,4.62
0.41,"Ideal","J","VS1",62.2,55,604,4.76,4.79,2.97
1.12,"Premium","H","SI2",62.4,58,4065,6.58,6.63,4.12
0.4,"Premium","E","VS2",62,58,1038,4.73,4.69,2.92
0.72,"Very Good","E","SI1",61.6,58,2688,5.74,5.78,3.55
0.93,"Ideal","G","SI1",62.2,58,4666,6.2,6.24,3.87
1.14,"Ideal","G","VS2",62,55,7371,6.68,6.77,4.17
0.35,"Ideal","F","VS2",62.1,57,906,4.55,4.53,2.82
0.31,"Ideal","H","IF",61.2,56,789,4.36,4.4,2.68
0.71,"Premium","J","VS2",62.8,61,1917,5.71,5.63,3.56
1.23,"Ideal","F","VS2",61.9,57,9759,6.86,6.9,4.26
0.75,"Very Good","I","SI1",63.7,56,2300,5.73,5.77,3.66
0.71,"Good","F","SI2",64.1,60,2130,0,0,0
1.01,"Good","D","SI2",63.9,57,4588,6.29,6.36,4.04
1.51,"Very Good","G","SI1",59.6,60,11029,7.43,7.47,4.44
0.51,"Ideal","E","VS2",60.4,57,1656,5.15,5.18,3.12
0.62,"Ideal","E","VVS2",62,56,2904,5.48,5.52,3.41
0.33,"Premium","E","VS2",61.7,60,928,4.45,4.4,2.73
0.33,"Premium","E","IF",60.8,58,1129,4.46,4.49,2.72
1.04,"Premium","E","SI2",61.6,58,3914,6.52,6.45,3.99
0.3,"Ideal","I","SI1",62.5,58,422,4.25,4.29,2.67
0.71,"Ideal","G","SI1",61.6,57,3007,5.73,5.76,3.54
1.21,"Premium","I","VS2",62.6,59,4884,6.77,6.67,4.21
1.2,"Very Good","G","VS1",62.5,57,8150,6.84,6.75,4.25
1.39,"Premium","E","SI2",62.7,58,7445,7.11,6.99,4.42
1.11,"Good","J","IF",58.3,62,5361,6.77,6.84,3.97
2.11,"Premium","G","SI2",62.2,58,13598,8.19,8.23,5.11
2,"Premium","I","VS2",62.5,57,17574,8.01,7.92,4.98
0.3,"Very Good","G","VVS1",62.9,57,789,4.26,4.3,2.69
0.71,"Ideal","E","SI2",65.5,55,2511,5.62,5.56,3.66
0.7,"Good","H","SI1",63.4,61,2066,5.58,5.62,3.55
2.02,"Ideal","H","SI1",62,56,17392,8.06,8.13,5.02
0.3,"Premium","F","SI1",62.1,60,641,4.28,4.26,2.65
1.01,"Premium","G","IF",63,60,8120,6.35,6.31,3.99
0.34,"Ideal","G","IF",60.1,57,1014,4.54,4.58,2.74
0.3,"Ideal","E","VVS1",61.4,56,895,4.33,4.37,2.67
0.6,"Ideal","F","VS2",61.5,56,2358,5.43,5.47,3.35
0.25,"Ideal","E","VVS1",61.5,55,705,4.09,4.12,2.52
0.9,"Good","H","SI1",64.4,58,3465,6.04,6.08,3.9
1.12,"Very Good","G","I1",61.2,63,3017,6.68,6.59,4.05
0.57,"Ideal","E","VS2",61.8,56,1851,5.29,5.33,3.28
0.4,"Ideal","E","VS2",61.1,56,975,4.77,4.75,2.91
1.01,"Ideal","G","SI1",60.8,56,5204,6.53,6.49,3.96
1.02,"Good","H","SI2",64.3,60,3713,6.36,6.25,4.06
0.9,"Very Good","H","VS1",62.1,57,4455,6.17,6.23,3.85
0.54,"Ideal","E","SI1",61.5,56,1594,5.31,5.26,3.25
1.16,"Ideal","G","SI1",61.8,55,5908,6.75,6.78,4.18
0.52,"Premium","G","VS2",62.4,56,1577,5.19,5.16,3.23
0.48,"Good","D","VS1",59.3,58,1743,5.09,5.13,3.03
0.52,"Ideal","E","VS2",61.5,56,1767,5.17,5.14,3.17
1.11,"Premium","F","VS1",60.7,59,7623,6.64,6.61,4.02
0.36,"Very Good","F","VS2",63.1,56,634,4.5,4.53,2.85
1.09,"Ideal","J","VS2",61.3,57,4131,6.63,6.61,4.06
1.01,"Ideal","G","SI1",61.1,58,5497,6.43,6.49,3.95
0.42,"Premium","G","VS2",62,58,1087,4.81,4.77,2.97
0.58,"Ideal","E","SI1",61.6,55,1758,5.38,5.33,3.3
0.9,"Very Good","G","VS2",61.9,56,4269,6.17,6.23,3.84
1.35,"Premium","H","VS2",61.5,58,7918,7.09,7.15,4.38
1,"Good","G","VS2",63.1,58,5621,6.31,6.39,4.01
0.73,"Ideal","H","VS2",61.4,55,3164,5.79,5.82,3.56
0.4,"Ideal","E","SI1",62,57,737,4.74,4.78,2.95
1.52,"Ideal","I","IF",62.2,57,10609,7.33,7.27,4.54
0.41,"Good","F","VVS2",58.6,60,1172,4.83,4.87,2.84
1.5,"Premium","E","SI2",58,60,8190,7.52,7.47,4.35
0.9,"Premium","D","VVS1",61.3,59,7711,6.18,6.12,3.77
0.5,"Ideal","D","VS2",62.4,55,1635,5.1,5.13,3.19
1.01,"Very Good","F","SI1",61.9,58,5383,6.41,6.44,3.98
0.4,"Ideal","D","VS2",61.7,56,1172,4.72,4.74,2.92
0.32,"Premium","E","SI1",61.9,59,561,4.36,4.39,2.71
0.3,"Ideal","H","SI1",62.2,57,450,4.27,4.31,2.67
1,"Good","E","VS2",63.1,56,6776,6.37,6.41,4.03
0.54,"Ideal","G","IF",61.5,56,2177,5.28,5.25,3.24
1.08,"Ideal","H","SI2",60.4,57,4536,6.68,6.63,4.02
0.3,"Ideal","F","VS2",61.8,57,605,4.31,4.33,2.67
1.01,"Very Good","H","SI1",63.5,57,4659,6.31,6.35,4.02
0.7,"Ideal","G","SI2",62.7,57,2177,5.62,5.6,3.52
0.71,"Ideal","D","SI1",61.8,56,3502,5.72,5.76,3.54
0.3,"Very Good","D","VS1",61.2,55,610,4.32,4.34,2.65
1.51,"Premium","E","VS2",60.1,58,15025,7.57,7.51,4.53
1.05,"Ideal","G","SI1",62.3,55,5361,6.47,6.54,4.05
0.71,"Very Good","F","SI1",62.3,60,2436,5.65,5.68,3.53
1.03,"Premium","G","VS1",60.7,58,6749,6.55,6.5,3.96
0.53,"Ideal","D","SI1",62.3,56,1683,5.18,5.15,3.22
1,"Premium","H","SI1",62.4,59,4816,6.42,6.37,3.99
1.51,"Fair","H","VS2",64.9,53,7534,7.28,7.24,4.71
0.36,"Good","D","SI1",63.1,55,663,4.54,4.59,2.88
0.72,"Ideal","G","VS1",61.7,56,3478,5.75,5.78,3.56
0.34,"Premium","E","SI2",61.5,58,612,4.52,4.49,2.77
0.64,"Very Good","F","SI1",60.7,59,1688,5.51,5.59,3.37
1.05,"Ideal","I","SI1",60.4,57,3822,6.6,6.58,3.98
1.14,"Premium","H","VS2",61.3,59,5858,6.76,6.72,4.13
0.8,"Fair","H","VS2",65.3,58,2686,5.78,5.73,3.76
1.32,"Premium","I","SI2",61.3,59,5588,7.01,6.95,4.28
1.22,"Premium","F","VS2",63,60,7154,6.85,6.74,4.28
1.08,"Good","E","SI2",63.7,57,4656,6.49,6.54,4.15
1.11,"Very Good","F","SI1",60.1,61,5384,6.64,6.74,4.06
0.26,"Very Good","E","VS1",60.7,59,453,4.09,4.12,2.49
0.72,"Very Good","E","SI2",63.5,59,2376,5.66,5.61,3.58
1.07,"Ideal","H","SI1",61.5,56,5065,6.6,6.66,4.08
0.36,"Good","E","VVS1",58.2,56,923,4.68,4.74,2.74
0.36,"Very Good","F","VS1",61.3,54,781,4.63,4.65,2.84
0.4,"Ideal","D","SI1",59.6,57,990,4.82,4.77,2.86
1.7,"Premium","H","SI2",62.1,56,7673,7.66,7.55,4.72
0.38,"Premium","D","SI1",60.7,60,941,4.69,4.63,2.83
0.33,"Ideal","F","VVS1",62.1,56,1062,4.46,4.43,2.76
1.63,"Ideal","G","VS1",61.7,55,15697,7.56,7.6,4.68
0.44,"Premium","E","VS2",60.4,58,1073,4.93,4.87,2.96
2,"Good","I","SI2",64.2,52,11400,7.91,7.88,5.07
0.31,"Premium","H","VVS1",61.8,58,707,4.3,4.34,2.67
1.17,"Ideal","G","VS1",59.4,57,7155,6.93,6.87,4.1
0.3,"Premium","H","VS1",62.4,60,630,4.29,4.23,2.66
0.31,"Ideal","D","VS2",61.9,56,734,4.34,4.38,2.7
0.41,"Ideal","G","VS2",62.7,55,827,4.75,4.79,2.99
1,"Ideal","F","VVS2",61.3,53,10577,6.44,6.48,3.96
0.7,"Premium","E","SI1",61,57,2777,5.73,5.68,3.48
1.07,"Premium","I","SI1",58.4,60,4075,6.78,6.68,3.93
0.43,"Ideal","G","VS1",61.1,56,1008,4.9,4.86,2.98
1.07,"Ideal","H","SI2",59.2,57,4314,6.7,6.64,3.95
0.77,"Very Good","F","VVS2",63.5,59,3415,5.77,5.72,3.65
0.72,"Premium","E","SI2",62.6,59,2376,5.74,5.7,3.58
0.3,"Ideal","F","VVS1",62,58,814,4.26,4.29,2.65
0.2,"Premium","D","VS2",61.7,60,367,3.77,3.72,2.31
0.55,"Ideal","E","VVS2",61.1,57,2664,5.3,5.33,3.24
0.32,"Very Good","I","VS2",61.1,57,449,4.39,4.42,2.69
1.06,"Premium","I","SI1",62.9,60,4155,6.47,6.43,4.06
0.29,"Ideal","H","VVS2",61.7,56,511,4.29,4.33,2.66
0.31,"Premium","G","VVS1",60.2,59,816,4.38,4.43,2.65
0.37,"Very Good","E","VS1",62,56,925,4.59,4.63,2.86
1.12,"Very Good","H","SI2",62.5,58,4373,6.58,6.63,4.13
1.51,"Premium","E","SI2",58.8,62,8879,7.5,7.41,4.39
0.32,"Ideal","G","VVS1",60.2,56,842,4.45,4.49,2.69
0.79,"Very Good","F","VS1",58.6,57,3398,6.08,6.14,3.58
0.42,"Ideal","F","SI2",61.7,54,626,4.85,4.87,3
0.9,"Good","G","SI2",63.8,59,3246,6.05,6.02,3.85
0.34,"Very Good","G","VVS2",61.7,56,775,4.47,4.51,2.77
1.01,"Premium","G","VS1",62.6,59,6618,6.43,6.38,4.01
0.35,"Ideal","E","SI1",61.2,57,788,4.56,4.52,2.78
1.36,"Very Good","J","SI2",62.6,58,5215,7,7.12,4.42
0.7,"Premium","F","SI2",59.1,58,2362,5.85,5.83,3.45
0.3,"Good","H","SI1",63.7,56,421,4.2,4.22,2.68
0.32,"Very Good","H","SI1",61.9,58,449,4.34,4.38,2.7
1.01,"Ideal","D","SI1",62.2,54,6257,6.42,6.45,4
0.23,"Very Good","E","VVS2",60,56,530,4.03,4.07,2.43
0.51,"Ideal","D","VS2",62.4,55,1678,5.12,5.14,3.2
1.28,"Ideal","G","SI2",61.4,57,5888,6.96,6.99,4.28
2.26,"Very Good","H","SI2",63.3,59,13923,8.35,8.26,5.25
0.38,"Ideal","D","VVS2",60.7,55,1289,4.69,4.71,2.85
2.19,"Very Good","I","SI1",62.6,58,14819,8.24,8.33,5.19
0.73,"Very Good","G","SI1",59.8,61,2330,5.83,5.85,3.49
0.71,"Very Good","I","VVS1",63,58,2549,5.6,5.67,3.55
0.41,"Ideal","J","VS1",60.2,57,647,4.81,4.85,2.91
0.41,"Very Good","F","SI1",62.5,58,702,4.74,4.77,2.97
1.73,"Premium","J","SI1",60.7,58,9105,7.73,7.78,4.71
0.26,"Very Good","E","VVS2",64.3,57,547,3.99,4.03,2.58
1.5,"Premium","F","VS2",61.5,58,14199,7.36,7.34,4.52
0.5,"Good","F","VS2",63.2,56,1436,5.01,5.05,3.18
0.4,"Ideal","I","VVS2",61.8,56,970,4.76,4.79,2.95
0.61,"Ideal","D","VVS2",62.2,54,3397,5.41,5.45,3.38
0.41,"Very Good","I","VVS1",61.9,57,863,4.78,4.82,2.97
0.51,"Ideal","F","VS2",61.3,56,1562,5.14,5.11,3.14
1.04,"Ideal","H","VS2",59.3,57,5416,6.64,6.58,3.92
1.26,"Ideal","I","VS2",62.6,55,6350,6.96,6.91,4.34
0.42,"Ideal","G","VS1",61.8,57,984,4.82,4.79,2.97
1.51,"Fair","H","VS2",57.4,61,9678,7.49,7.63,4.34
2.13,"Premium","H","SI2",62.4,56,12753,8.26,8.19,5.13
0.41,"Premium","D","SI2",62.7,58,876,4.78,4.75,2.99
0.62,"Ideal","H","VVS2",62,56,2052,5.46,5.48,3.39
1.03,"Very Good","H","SI1",61.1,59,4520,6.5,6.56,3.99
0.52,"Premium","F","SI1",61.5,60,1280,5.16,5.15,3.17
1.22,"Ideal","I","SI2",61.8,57,4612,6.9,6.83,4.23
0.33,"Very Good","G","VS2",62.6,56,579,4.38,4.41,2.75
0.32,"Ideal","F","VS2",61.5,55,828,4.42,4.4,2.71
0.4,"Premium","H","VS1",62.6,58,1035,4.73,4.66,2.94
1.03,"Ideal","G","VS1",61.4,55,7481,6.5,6.53,4
1.58,"Good","I","VS1",58.6,62,9775,7.59,7.66,4.47
1.23,"Ideal","H","VVS2",61.3,55,7387,6.9,6.94,4.24
2,"Very Good","J","SI1",61.9,59,11404,7.96,8,4.94
0.34,"Ideal","D","VS2",62.5,57,805,4.4,4.47,2.77
1.59,"Very Good","I","SI2",61.9,58,7345,7.46,7.5,4.63
1.21,"Premium","F","VS2",62.2,60,9419,6.75,6.72,4.19
1.24,"Premium","H","SI2",60.4,59,5277,6.99,6.92,4.2
1.07,"Very Good","G","VS2",60.9,58,6355,6.56,6.6,4.01
0.43,"Ideal","H","VVS1",62.3,54,1094,4.84,4.85,3.02
0.41,"Ideal","H","IF",61.8,55,1100,4.79,4.82,2.97
0.3,"Ideal","F","IF",62.2,56,886,4.31,4.34,2.69
0.61,"Ideal","H","VS1",61.6,56.9,1706,5.4,5.49,3.36
0.27,"Very Good","F","VVS2",61.3,62,552,4.15,4.2,2.56
0.51,"Ideal","D","VS2",61.8,55,1787,5.1,5.16,3.17
0.9,"Ideal","G","SI1",62.1,56,4161,6.16,6.2,3.84
0.9,"Premium","H","VS2",61.8,58,4082,6.17,6.12,3.8
0.5,"Very Good","E","SI1",62.6,56,1222,5.06,5.07,3.17
0.8,"Premium","G","VS1",62.5,58,3514,5.9,5.94,3.7
0.3,"Ideal","D","VVS2",59.5,56,741,4.38,4.42,2.62
1.57,"Ideal","I","SI1",62.2,56,10633,7.42,7.47,4.63
0.43,"Ideal","F","VVS2",61.9,56,1250,4.87,4.82,3
0.3,"Good","H","SI1",63.8,55,432,4.2,4.26,2.7
1.04,"Very Good","F","SI2",60,61,4427,6.5,6.57,3.92
1.24,"Premium","J","VS2",62,58,5128,6.87,6.91,4.27
0.34,"Ideal","H","VS2",61.7,57,689,4.48,4.46,2.76
0.91,"Premium","G","VS2",59.5,58,4241,6.34,6.26,3.75
0.3,"Ideal","F","IF",61.8,56,886,4.29,4.32,2.66
1.06,"Premium","G","SI1",62.2,57,5113,6.53,6.47,4.04
1.53,"Ideal","D","SI1",61.2,56,13714,7.48,7.45,4.57
1.02,"Premium","G","VS2",61.5,59,5250,6.4,6.45,3.95
1.5,"Ideal","H","VS1",61,56.8,11557,7.36,7.4,4.5
0.71,"Good","E","SI1",63.2,57,2494,5.67,5.72,3.6
0.7,"Premium","H","SI2",62.9,61,1942,5.57,5.53,3.49
2.06,"Ideal","H","SI2",61.5,56,12119,8.23,8.18,5.04
0.56,"Very Good","H","SI2",62,63,956,5.26,5.21,3.27
0.38,"Very Good","F","SI1",61.7,58,672,4.66,4.73,2.89
1.6,"Ideal","I","SI2",61.9,57,8377,7.48,7.51,4.64
0.7,"Ideal","F","VS2",61.8,54,2671,5.68,5.71,3.52
2.2,"Ideal","I","SI1",61.7,55,17895,8.37,8.41,5.18
0.7,"Ideal","D","SI1",60.7,56,2822,5.75,5.72,3.48
0.93,"Fair","I","VS2",64.7,58,3258,6.09,6.06,3.93
1,"Premium","F","SI1",62.6,60,5292,6.32,6.3,3.95
1.01,"Ideal","G","VS1",62.4,56,6066,6.37,6.42,3.99
0.3,"Premium","J","VS2",60.6,59,473,4.38,4.34,2.64
0.57,"Very Good","G","VS2",62.1,57,1608,5.27,5.3,3.28
1.01,"Very Good","E","VS2",59.5,60,7290,6.5,6.54,3.88
1,"Good","G","VS2",63.5,59,5860,6.23,6.33,3.99
0.54,"Ideal","G","VS2",61.5,55,1422,5.24,5.27,3.23
0.91,"Ideal","E","SI1",61,57,4706,6.27,6.32,3.84
1.2,"Ideal","I","I1",61.9,56,3505,6.82,6.85,4.23
0.73,"Ideal","H","VS2",62.5,58,2752,5.71,5.75,3.58
2.23,"Very Good","G","I1",63.5,57,7006,8.24,8.2,5.22
1.01,"Premium","G","VS1",62.7,58,6618,6.41,6.38,4.01
0.36,"Ideal","D","SI1",61.6,56,851,4.58,4.54,2.81
0.55,"Ideal","E","VVS1",62.9,57,2609,5.25,5.21,3.29
0.75,"Ideal","G","SI1",61.8,55,3171,5.81,5.84,3.6
0.74,"Ideal","E","VS2",61.7,56,3315,5.86,5.81,3.6
0.35,"Ideal","E","VVS1",61.7,54,1000,4.56,4.58,2.82
0.52,"Ideal","E","VVS2",62.3,57,2116,5.12,5.15,3.2
0.5,"Ideal","D","VS2",61.7,56,1844,5.12,5.14,3.16
0.31,"Ideal","I","SI1",62.7,56,523,4.34,4.3,2.71
1.75,"Good","H","SI2",64.1,56,8385,7.59,7.55,4.85
1.07,"Premium","G","VS2",62.1,58,6471,6.59,6.55,4.08
1.1,"Ideal","G","VS2",60.9,56,6939,6.68,6.79,4.1
0.31,"Ideal","F","VVS1",61.9,53.5,882,4.36,4.39,2.71
2.03,"Premium","G","SI1",61.3,59,18423,8.11,8.08,4.96
0.73,"Very Good","E","VS1",63,60,3607,5.68,5.72,3.59
1.01,"Good","G","VS1",63.7,56,6529,6.37,6.29,4.03
0.92,"Ideal","E","SI1",62.1,56,5516,6.22,6.24,3.87
0.34,"Ideal","F","VS1",62.2,56,956,4.47,4.44,2.77
0.51,"Very Good","D","VS2",63.1,56,1658,5.06,5.12,3.21
1,"Premium","F","VS2",61.9,59,5606,6.38,6.34,3.94
0.75,"Ideal","E","VS2",61.6,57,2940,5.84,5.81,3.59
1.13,"Premium","H","VS2",61.7,56,5728,6.73,6.65,4.13
1.55,"Premium","J","VS2",60.7,59,8055,7.5,7.47,4.54
0.31,"Very Good","E","VVS2",61.1,55,766,4.39,4.41,2.69
0.31,"Ideal","G","VVS1",60.6,57,1046,4.4,4.38,2.66
1.2,"Ideal","H","VS2",63,56,5833,6.74,6.65,4.22
0.94,"Premium","E","SI1",62.4,56,4580,6.27,6.24,3.9
0.3,"Premium","D","VS1",61.9,58,712,4.28,4.32,2.66
1.01,"Good","E","SI1",64,56,5646,6.33,6.36,4.06
0.3,"Good","H","VS1",63.2,58,491,4.22,4.26,2.68
0.71,"Premium","E","SI1",60.3,60,2674,5.77,5.74,3.47
0.42,"Premium","E","SI1",60,61,953,4.88,4.85,2.92
0.58,"Ideal","I","SI1",62.2,54,1132,5.35,5.39,3.34
0.43,"Very Good","E","SI2",61.8,60,688,4.83,4.85,2.99
0.54,"Ideal","F","VS1",61.1,55,2083,5.26,5.32,3.23
1.9,"Very Good","J","SI1",59.2,58,9540,8.1,8.21,4.83
1.2,"Good","G","SI2",63.6,54,5141,6.75,6.71,4.28
1.53,"Good","E","SI2",57.1,56,7643,7.69,7.65,4.38
0.35,"Ideal","D","VS2",62.5,56,790,4.51,4.55,2.83
0.71,"Fair","G","SI2",64.8,58,2055,5.6,5.57,3.62
1.11,"Premium","G","VS2",62.3,58,6713,6.65,6.61,4.13
0.95,"Ideal","G","SI1",60.7,56,4469,6.31,6.27,3.82
0.31,"Very Good","E","VVS1",61.2,61,763,4.33,4.36,2.66
0.31,"Ideal","G","VS2",62.1,54,511,4.34,4.36,2.7
0.3,"Premium","E","VS2",59.1,58,844,4.39,4.37,2.59
1.01,"Premium","G","SI2",62.9,57,3750,6.39,6.33,4
1.62,"Ideal","H","VS2",61.5,61,12542,7.53,7.48,4.62
0.26,"Ideal","E","VVS1",62.5,56,657,4.09,4.12,2.56
1,"Very Good","E","SI1",62.4,59,5571,6.36,6.42,3.99
1.2,"Premium","J","SI1",60.7,60,4514,6.88,6.92,4.19
1.24,"Good","G","SI2",63.7,60,4861,6.77,6.7,4.3
0.55,"Ideal","F","VS2",60.9,57,1702,5.3,5.34,3.24
